Skill_4137_Name,aMtu,j技能表_Skill_A.csv,1042,Skill,Name,拉蒙娜,世界演绎法,세계 연역법
Skill_4864_Name,aONT,j技能表_Skill_A.csv,1043,Skill,Name,拉蒙娜,第一哲学,첫 번째 철학
Skill_4138_Name,aMtC,j技能表_Skill_A.csv,1044,Skill,Name,拉蒙娜,女王之剑,여왕의 검
Skill_4558_Name,aNQJ,j技能表_Skill_A.csv,1045,Skill,Name,拉蒙娜,攻势推演,공격 분석
Skill_4019_Name,aMdf,j技能表_Skill_A.csv,1049,Skill,Name,环行·拉蒙娜,悖论收束,패러독스 수렴
Skill_4388_Name,aNaY,j技能表_Skill_A.csv,1050,Skill,Name,环行·拉蒙娜,熵增逆转,엔트로피 역전
Skill_4017_Name,aMcR,j技能表_Skill_A.csv,1051,Skill,Name,环行·拉蒙娜,命定之剑,운명의 검
Skill_4295_Name,aMOJ,j技能表_Skill_A.csv,1052,Skill,Name,环行·拉蒙娜,超越之目,초월의 눈
Skill_67856_Name,aQsx,j技能表_Skill_A.csv,1053,Skill,Name,环行·拉蒙娜,命定之剑,운명의 검
Skill_67855_Name,aQsq,j技能表_Skill_A.csv,1054,Skill,Name,环行·拉蒙娜,超越之目,초월의 눈
Skill_54041_Name,aPkd,j技能表_Skill_A.csv,1055,Skill,Name,环行·拉蒙娜,未来讴歌,미래 찬가
Skill_54042_Name,aPkk,j技能表_Skill_A.csv,1056,Skill,Name,环行·拉蒙娜,轮回之庭,윤회의 법정
Skill_21615_Name,aLiy,j技能表_Skill_A.csv,1060,Skill,Name,奥吉尔,七艺，传承美德,"칠예, 미덕의 전승"
Skill_4604_Name,aOcH,j技能表_Skill_A.csv,1061,Skill,Name,奥吉尔,骑士热诚,기사의 열정
Skill_4195_Name,aMBx,j技能表_Skill_A.csv,1062,Skill,Name,奥吉尔,不定壁垒,부정형 장벽
Skill_4836_Name,aOIV,j技能表_Skill_A.csv,1063,Skill,Name,奥吉尔,穿刺之枪,천공의 창
Skill_4373_Name,aMYK,j技能表_Skill_A.csv,1067,Skill,Name,萝坦,混沌之兽,혼돈의 짐승
Skill_4722_Name,aOtt,j技能表_Skill_A.csv,1068,Skill,Name,萝坦,战欲难平,전장의 열망
Skill_4719_Name,aOsY,j技能表_Skill_A.csv,1069,Skill,Name,萝坦,桀骜之刃,반항의 칼날
Skill_4509_Name,aNxt,j技能表_Skill_A.csv,1070,Skill,Name,萝坦,恣睢之浪,난폭한 물결
Skill_21620_Name,aLiF,j技能表_Skill_A.csv,1074,Skill,Name,朵尔,理性，真理与现实,"이성, 진리와 현실"
Skill_4463_Name,aNnh,j技能表_Skill_A.csv,1075,Skill,Name,朵尔,灵肉两分,영혼 분리
Skill_4365_Name,aMXJ,j技能表_Skill_A.csv,1076,Skill,Name,朵尔,外域手术,외계 수술
Skill_4277_Name,aMMj,j技能表_Skill_A.csv,1077,Skill,Name,朵尔,等价交换,등가교환
Skill_70299_Name,aQAd,j技能表_Skill_A.csv,1081,Skill,Name,熔毁·朵尔,终点，真理与深渊之门,"종점, 진리와 심연의 문"
Skill_70302_Name,aQAy,j技能表_Skill_A.csv,1082,Skill,Name,熔毁·朵尔,灵魂瘟疫,영혼의 역병
Skill_70304_Name,aQAO,j技能表_Skill_A.csv,1083,Skill,Name,熔毁·朵尔,自毁改造,자폭 개조
Skill_70305_Name,aQAV,j技能表_Skill_A.csv,1084,Skill,Name,熔毁·朵尔,宿命坍缩,운명의 붕괴
Skill_70303_Name,aQAH,j技能表_Skill_A.csv,1085,Skill,Name,熔毁·朵尔,虚无终结,허무의 종언
Skill_70333_Name,aQBl,j技能表_Skill_A.csv,1086,Skill,Name,熔毁·朵尔,兴奋,흥분
Skill_70332_Name,aQBd,j技能表_Skill_A.csv,1087,Skill,Name,熔毁·朵尔,诅咒,저주
Skill_71522_Name,aQDZ,j技能表_Skill_A.csv,1088,Skill,Name,熔毁·朵尔,自毁改造·终末,자폭 개조·종말
Skill_71523_Name,aQEg,j技能表_Skill_A.csv,1089,Skill,Name,熔毁·朵尔,宿命坍缩·终末,운명의 붕괴·종말
Skill_4627_Name,aOgB,j技能表_Skill_A.csv,1093,Skill,Name,雷娅,献媚者之拥,아첨의 포옹
Skill_4516_Name,aNyj,j技能表_Skill_A.csv,1094,Skill,Name,雷娅,渴血者,피의 갈망
Skill_4068_Name,aMjG,j技能表_Skill_A.csv,1095,Skill,Name,雷娅,未被满足之痛,채워지지 않은 고통
Skill_4407_Name,aNdz,j技能表_Skill_A.csv,1096,Skill,Name,雷娅,苦痛与欢愉,고통과 환희
Skill_4579_Name,aNZG,j技能表_Skill_A.csv,1100,Skill,Name,尤乌哈希,血与沙的赞歌,피와 모래의 찬가
Skill_4290_Name,aMOa,j技能表_Skill_A.csv,1101,Skill,Name,尤乌哈希,红祭礼,붉은 제례
Skill_4287_Name,aMNF,j技能表_Skill_A.csv,1102,Skill,Name,尤乌哈希,沸腾吧，血！,"피여, 끓어올라라!"
Skill_4285_Name,aMNp,j技能表_Skill_A.csv,1103,Skill,Name,尤乌哈希,尖啸吧，血！,"피여, 소리질러라!"
Skill_4443_Name,aNiY,j技能表_Skill_A.csv,1107,Skill,Name,希洛,绝境求生,절망 끝의 생존
Skill_4848_Name,aOKz,j技能表_Skill_A.csv,1108,Skill,Name,希洛,复仇宣言,복수 선언
Skill_4515_Name,aNyc,j技能表_Skill_A.csv,1109,Skill,Name,希洛,破链一击,사슬을 끊는 일격
Skill_4010_Name,aMbU,j技能表_Skill_A.csv,1110,Skill,Name,希洛,绵长恨怨,끝없는 원한
Skill_4794_Name,aODz,j技能表_Skill_A.csv,1111,Skill,Name,希洛,不规则形态,불규칙한 형태
Skill_4314_Name,aMRf,j技能表_Skill_A.csv,1115,Skill,Name,泰旖丝,丰穰之仪,풍요의 의식
Skill_4750_Name,aOxr,j技能表_Skill_A.csv,1116,Skill,Name,泰旖丝,目见母亲,어머니의 부름
Skill_4311_Name,aMQR,j技能表_Skill_A.csv,1117,Skill,Name,泰旖丝,古老的爱抚,고대의 애무
Skill_4155_Name,aMvS,j技能表_Skill_A.csv,1118,Skill,Name,泰旖丝,圣血的本能,성혈의 본능
Skill_48814_Name,aOOX,j技能表_Skill_A.csv,1119,Skill,Name,泰旖丝,恐惧之血,공포의 피
Skill_48813_Name,aOOQ,j技能表_Skill_A.csv,1120,Skill,Name,泰旖丝,溃烂之血,부패의 피
Skill_48815_Name,aOPe,j技能表_Skill_A.csv,1121,Skill,Name,泰旖丝,生殖之血,생식의 피
Skill_4581_Name,aNZV,j技能表_Skill_A.csv,1125,Skill,Name,萨尔瓦多,造主的庇佑,창조주의 은총
Skill_4664_Name,aOlR,j技能表_Skill_A.csv,1126,Skill,Name,萨尔瓦多,「赐福」,「축복」
Skill_4460_Name,aNmE,j技能表_Skill_A.csv,1127,Skill,Name,萨尔瓦多,受祝骨血,축복받은 뼈와 피
Skill_4529_Name,aNBR,j技能表_Skill_A.csv,1128,Skill,Name,萨尔瓦多,应消之苦,고통의 해소
Skill_44722_Name,aNqV,j技能表_Skill_A.csv,1129,Skill,Name,萨尔瓦多,奉献,헌신
Skill_44723_Name,aNrc,j技能表_Skill_A.csv,1130,Skill,Name,萨尔瓦多,超度,정화
Skill_45007_Name,aNvX,j技能表_Skill_A.csv,1131,Skill,Name,萨尔瓦多,救赎,구원
Skill_44817_Name,aNtu,j技能表_Skill_A.csv,1132,Skill,Name,萨尔瓦多,护以仁爱,자비의 보호
Skill_4770_Name,aOAk,j技能表_Skill_A.csv,1136,Skill,Name,索蕾尔,权欲轮舞,욕망의 난무
Skill_4167_Name,aMxF,j技能表_Skill_A.csv,1137,Skill,Name,索蕾尔,迎客特权,환영 특권
Skill_4662_Name,aOlB,j技能表_Skill_A.csv,1138,Skill,Name,索蕾尔,蔷薇之美,장미의 아름다움
Skill_4281_Name,aMMM,j技能表_Skill_A.csv,1139,Skill,Name,索蕾尔,珠玉之卵,진주옥란
Skill_4667_Name,aOmq,j技能表_Skill_A.csv,1143,Skill,Name,阿格里帕,苍白的庇佑,창백한 보호
Skill_4680_Name,aOnP,j技能表_Skill_A.csv,1144,Skill,Name,阿格里帕,迷途之旅,방황의 길
Skill_4120_Name,aMqG,j技能表_Skill_A.csv,1145,Skill,Name,阿格里帕,不耐的施舍,마지못한 자비
Skill_4821_Name,aOHI,j技能表_Skill_A.csv,1146,Skill,Name,阿格里帕,苍白回旋,창백한 선회
Skill_3967_Name,aLWr,j技能表_Skill_A.csv,1150,Skill,Name,艾继丝,万古之眸,영겁의 눈
Skill_4339_Name,aMUj,j技能表_Skill_A.csv,1151,Skill,Name,艾继丝,凝滞诅咒,정체의 저주
Skill_4789_Name,aOCQ,j技能表_Skill_A.csv,1152,Skill,Name,艾继丝,小小愿望,작은 소원
Skill_4760_Name,aOyR,j技能表_Skill_A.csv,1153,Skill,Name,艾继丝,石质分解,석질 분해
Skill_4361_Name,aMXh,j技能表_Skill_A.csv,1157,Skill,Name,菲茵特,星之摇篮,별의 요람
Skill_4615_Name,aOeP,j技能表_Skill_A.csv,1158,Skill,Name,菲茵特,无边星彩,무한한 별빛
Skill_4827_Name,aOIA,j技能表_Skill_A.csv,1159,Skill,Name,菲茵特,养分汲取,양분 흡수
Skill_3994_Name,aLZP,j技能表_Skill_A.csv,1160,Skill,Name,菲茵特,幼芽萌生,돋아나는 새싹
Skill_4055_Name,aMhL,j技能表_Skill_A.csv,1164,Skill,Name,希莱斯特,不死的极乐鸟,불멸의 극락조
Skill_4476_Name,aNsn,j技能表_Skill_A.csv,1165,Skill,Name,希莱斯特,庇佑之力,보호의 힘
Skill_4109_Name,aMpb,j技能表_Skill_A.csv,1166,Skill,Name,希莱斯特,纯白梦境,순백의 꿈
Skill_57754_Name,aPwm,j技能表_Skill_A.csv,1167,Skill,Name,希莱斯特,纯白梦境,순백의 꿈
Skill_4617_Name,aOfd,j技能表_Skill_A.csv,1168,Skill,Name,希莱斯特,永存的幻影,영원한 환상
Skill_3981_Name,aLYj,j技能表_Skill_A.csv,1172,Skill,Name,凯刻斯,承自异端之血,이단의 혈통
Skill_4381_Name,aMZY,j技能表_Skill_A.csv,1173,Skill,Name,凯刻斯,蜕变之躯,변형하는 육체
Skill_4844_Name,aOJU,j技能表_Skill_A.csv,1174,Skill,Name,凯刻斯,逆鳞之护,역린의 보호
Skill_4728_Name,aOul,j技能表_Skill_A.csv,1175,Skill,Name,凯刻斯,破碎沉戟,파쇄의 장창
Skill_4655_Name,aOkB,j技能表_Skill_A.csv,1179,Skill,Name,奥瑞塔,喧嚣海洋,소란스러운 바다
Skill_4858_Name,aOMB,j技能表_Skill_A.csv,1180,Skill,Name,奥瑞塔,自我增殖,자가 증식
Skill_4759_Name,aOyJ,j技能表_Skill_A.csv,1181,Skill,Name,奥瑞塔,腺体分裂,샘 분열
Skill_4748_Name,aOxd,j技能表_Skill_A.csv,1182,Skill,Name,奥瑞塔,同伴的力量,친구의 힘
Skill_4410_Name,aNdV,j技能表_Skill_A.csv,1186,Skill,Name,法洛思,遗失的久远之城,잃어버린 고대의 도시
Skill_4492_Name,aNuT,j技能表_Skill_A.csv,1187,Skill,Name,法洛思,湮塞的执念,가라앉은 집념
Skill_4644_Name,aOjc,j技能表_Skill_A.csv,1188,Skill,Name,法洛思,狂热之海,광열의 바다
Skill_4740_Name,aOvM,j技能表_Skill_A.csv,1189,Skill,Name,法洛思,深邃暗流,깊은 암류
Skill_4575_Name,aNZe,j技能表_Skill_A.csv,1193,Skill,Name,珊,失落的艺术,잊혀진 예술
Skill_4601_Name,aOck,j技能表_Skill_A.csv,1194,Skill,Name,珊,忘我之境,무아의 경지
Skill_4643_Name,aOiU,j技能表_Skill_A.csv,1195,Skill,Name,珊,美的怜悯,미의 연민
Skill_4160_Name,aMwF,j技能表_Skill_A.csv,1196,Skill,Name,珊,封闭创作,폐쇄적 창작
Skill_4239_Name,aMHm,j技能表_Skill_A.csv,1200,Skill,Name,弥利亚姆,向深渊祝祷,심연을 향한 기도
Skill_4306_Name,aMQi,j技能表_Skill_A.csv,1201,Skill,Name,弥利亚姆,信仰的见证,신앙의 증언
Skill_4845_Name,aOKd,j技能表_Skill_A.csv,1202,Skill,Name,弥利亚姆,无上生祭,지고의 제물
Skill_4152_Name,aMvz,j技能表_Skill_A.csv,1203,Skill,Name,弥利亚姆,应选之人,선택받은 자
Skill_51733_Name,aPhf,j技能表_Skill_A.csv,1204,Skill,Name,弥利亚姆,信仰的歧路,신앙의 갈림길
Skill_51736_Name,aPhA,j技能表_Skill_A.csv,1205,Skill,Name,弥利亚姆,坚守自我,확고한 자아
Skill_51735_Name,aPht,j技能表_Skill_A.csv,1206,Skill,Name,弥利亚姆,投身启示,헌신의 계시
Skill_51734_Name,aPhm,j技能表_Skill_A.csv,1207,Skill,Name,弥利亚姆,信仰的终结,신앙의 종언
Skill_52055_Name,aPiq,j技能表_Skill_A.csv,1208,Skill,Name,弥利亚姆,执妄,집착
Skill_51902_Name,aPij,j技能表_Skill_A.csv,1209,Skill,Name,弥利亚姆,圣礼,성례
Skill_4635_Name,aOhF,j技能表_Skill_A.csv,1213,Skill,Name,墨菲,虚妄继承者,허망의 계승자
Skill_4701_Name,aOqh,j技能表_Skill_A.csv,1214,Skill,Name,墨菲,受造之物,만들어진 존재
Skill_4840_Name,aOJs,j技能表_Skill_A.csv,1215,Skill,Name,墨菲,螺湮逆流,신국의 역류
Skill_4428_Name,aNgF,j技能表_Skill_A.csv,1216,Skill,Name,墨菲,圣女作成,성녀의 탄생
Skill_4668_Name,aOmx,j技能表_Skill_A.csv,1220,Skill,Name,戈利亚,海渊之力,해연의 힘
Skill_4458_Name,aNmo,j技能表_Skill_A.csv,1221,Skill,Name,戈利亚,复仇预行,복수 예고
Skill_4229_Name,aMFW,j技能表_Skill_A.csv,1222,Skill,Name,戈利亚,斩首重创,참수의 일격
Skill_4278_Name,aMMr,j技能表_Skill_A.csv,1223,Skill,Name,戈利亚,强者为尊,강자의 법칙
Skill_4638_Name,aOia,j技能表_Skill_A.csv,1224,Skill,Name,戈利亚,巨刃之威,거대한 검의 위엄
Skill_57342_Name,aPtB,j技能表_Skill_A.csv,1225,Skill,Name,戈利亚,巨刃之威,거대한 검의 위엄
Skill_45709_Name,aNYk,j技能表_Skill_A.csv,1226,Skill,Name,戈利亚,篡夺,찬탈
Skill_45708_Name,aNYc,j技能表_Skill_A.csv,1227,Skill,Name,戈利亚,蛰伏,잠복
Skill_57338_Name,aPtn,j技能表_Skill_A.csv,1228,Skill,Name,戈利亚,篡夺,찬탈
Skill_57339_Name,aPtu,j技能表_Skill_A.csv,1229,Skill,Name,戈利亚,蛰伏,잠복
Skill_4288_Name,aMNM,j技能表_Skill_A.csv,1233,Skill,Name,图鲁,星辰正位之刻,정위의 순간
Skill_4250_Name,aMIQ,j技能表_Skill_A.csv,1234,Skill,Name,图鲁,不朽威仪,불멸의 위엄
Skill_4077_Name,aMkX,j技能表_Skill_A.csv,1235,Skill,Name,图鲁,深渊号令,심연의 호령
Skill_4729_Name,aOuu,j技能表_Skill_A.csv,1236,Skill,Name,图鲁,螺湮重临,신국의 재림
Skill_4075_Name,aMkF,j技能表_Skill_A.csv,1240,Skill,Name,宁菲亚,自我的葬仪,자아의 장례식
Skill_4375_Name,aMYY,j技能表_Skill_A.csv,1241,Skill,Name,宁菲亚,沉逝苦海,잊혀진 고난의 바다
Skill_4233_Name,aMGA,j技能表_Skill_A.csv,1242,Skill,Name,宁菲亚,夜潮汹涌,밤의 파도
Skill_4154_Name,aMvI,j技能表_Skill_A.csv,1243,Skill,Name,宁菲亚,丧钟遥鸣,장례의 종소리
Skill_4716_Name,aOsB,j技能表_Skill_A.csv,1247,Skill,Name,诺缔拉,整装待发,출격 준비 완료
Skill_4018_Name,aMcY,j技能表_Skill_A.csv,1248,Skill,Name,诺缔拉,维修大师,수리 전문가
Skill_4585_Name,aOax,j技能表_Skill_A.csv,1249,Skill,Name,诺缔拉,高热区禁入,고온 주의
Skill_4214_Name,aMEa,j技能表_Skill_A.csv,1250,Skill,Name,诺缔拉,短期记忆,단기 기억
Skill_4193_Name,aMBi,j技能表_Skill_A.csv,1254,Skill,Name,「24」,扭曲的死体狂宴,뒤틀린 시체의 광연
Skill_3983_Name,aLYx,j技能表_Skill_A.csv,1255,Skill,Name,「24」,调停人格,인격 조정
Skill_4397_Name,aNcj,j技能表_Skill_A.csv,1256,Skill,Name,「24」,异种共生,이종 공생
Skill_3979_Name,aLXV,j技能表_Skill_A.csv,1257,Skill,Name,「24」,纷乱切割,난도질
Skill_4384_Name,aNav,j技能表_Skill_A.csv,1261,Skill,Name,潘狄娅,蜜糖色悲惨幻象,꿀빛 비극의 환상
Skill_4776_Name,aOAW,j技能表_Skill_A.csv,1262,Skill,Name,潘狄娅,施与受,기브 앤 테이크
Skill_4412_Name,aNej,j技能表_Skill_A.csv,1263,Skill,Name,潘狄娅,狂气使役之鞭,광기의 채찍
Skill_4694_Name,aOpF,j技能表_Skill_A.csv,1264,Skill,Name,潘狄娅,灼燃蜡滴之欲,뜨거운 밀랍의 욕망
Skill_4455_Name,aNlF,j技能表_Skill_A.csv,1268,Skill,Name,艾尔瓦,无止境的正义,무한한 정의
Skill_4413_Name,aNeq,j技能表_Skill_A.csv,1269,Skill,Name,艾尔瓦,战地卓识,전장의 지혜
Skill_4284_Name,aMNi,j技能表_Skill_A.csv,1270,Skill,Name,艾尔瓦,临战体势,임전 태세
Skill_4808_Name,aOFP,j技能表_Skill_A.csv,1271,Skill,Name,艾尔瓦,心眼利刃,심안의 칼날
Skill_4660_Name,aOll,j技能表_Skill_A.csv,1275,Skill,Name,珈伦,客官请慢用！,"손님, 천천히 드세요!"
Skill_4421_Name,aNfn,j技能表_Skill_A.csv,1276,Skill,Name,珈伦,凸月之舞,초승달의 춤
Skill_4715_Name,aOst,j技能表_Skill_A.csv,1277,Skill,Name,珈伦,蟾蜍炖菜,개구리 스튜
Skill_3973_Name,aLXl,j技能表_Skill_A.csv,1278,Skill,Name,珈伦,静默守望,은밀한 헌신
Skill_49215_Name,aOSq,j技能表_Skill_A.csv,1279,Skill,Name,珈伦,奇妙料理,기묘한 요리
Skill_49216_Name,aOSx,j技能表_Skill_A.csv,1280,Skill,Name,珈伦,奇妙料理,기묘한 요리
Skill_4334_Name,aMTG,j技能表_Skill_A.csv,1284,Skill,Name,莉莉,淤泥上的不灭之花,진흙 속 불멸의 꽃
Skill_4315_Name,aMRm,j技能表_Skill_A.csv,1285,Skill,Name,莉莉,黏液汇集,점액 집합
Skill_4144_Name,aMuu,j技能表_Skill_A.csv,1286,Skill,Name,莉莉,报偿打击,보복의 일격
Skill_4703_Name,aOqx,j技能表_Skill_A.csv,1287,Skill,Name,莉莉,黑沼禁域,금지된 검은 늪
Skill_4398_Name,aNcq,j技能表_Skill_A.csv,1291,Skill,Name,莱克,肆意豪赌,올인!
Skill_4800_Name,aOEp,j技能表_Skill_A.csv,1292,Skill,Name,莱克,绝佳运气,최고의 운
Skill_4102_Name,aMoa,j技能表_Skill_A.csv,1293,Skill,Name,莱克,意外收获,의외의 수확
Skill_4618_Name,aOfl,j技能表_Skill_A.csv,1294,Skill,Name,莱克,摊牌时刻,승부의 순간
Skill_57860_Name,aPxW,j技能表_Skill_A.csv,1295,Skill,Name,,偏方骰子,속임수 주사위
Skill_57859_Name,aPxP,j技能表_Skill_A.csv,1296,Skill,Name,,闪耀偏方骰子,빛나는 속임수 주사위
Skill_58044_Name,aPzQ,j技能表_Skill_A.csv,1297,Skill,Name,莱克,庄家通吃,딜러의 승리
Skill_4379_Name,aMZD,j技能表_Skill_A.csv,1302,Skill,Name,莉兹,告死之舞,죽음을 고하는 춤
Skill_4804_Name,aOER,j技能表_Skill_A.csv,1303,Skill,Name,莉兹,翡翠映像,에메랄드빛 환영
Skill_4322_Name,aMSc,j技能表_Skill_A.csv,1304,Skill,Name,莉兹,诱蛾之火,유혹의 불꽃
Skill_4023_Name,aMdH,j技能表_Skill_A.csv,1305,Skill,Name,莉兹,绿炎,녹색 불꽃
Skill_4824_Name,aOIf,j技能表_Skill_A.csv,1306,Skill,Name,莉兹,腐化绿炎,부패의 녹색 불꽃
Skill_4367_Name,aMXZ,j技能表_Skill_A.csv,1307,Skill,Name,莉兹,死灭绿炎,사멸의 녹색 불꽃
Skill_41359_Name,aMsZ,j技能表_Skill_A.csv,1311,Skill,Name,旺达,深眠反击,깊은 잠의 반격
Skill_41357_Name,aMsL,j技能表_Skill_A.csv,1312,Skill,Name,旺达,呓语回音,잠결의 메아리
Skill_41358_Name,aMsS,j技能表_Skill_A.csv,1313,Skill,Name,旺达,催眠脉络,최면 맥박
Skill_4769_Name,aOAc,j技能表_Skill_A.csv,1316,Skill,Name,旺达,死梦之都,꿈속 죽음의 도시
Skill_4481_Name,aNtB,j技能表_Skill_A.csv,1317,Skill,Name,旺达,活尸梦呓,불사자의 몽언
Skill_4774_Name,aOAH,j技能表_Skill_A.csv,1318,Skill,Name,旺达,迷途之守,방황의 수호자
Skill_4076_Name,aMkO,j技能表_Skill_A.csv,1319,Skill,Name,旺达,脊刺锁链,가시 사슬
Skill_4506_Name,aNwS,j技能表_Skill_A.csv,1323,Skill,Name,达芙黛尔,原质之海,원질의 바다
Skill_4842_Name,aOJG,j技能表_Skill_A.csv,1324,Skill,Name,达芙黛尔,维度投射,차원 투영
Skill_4576_Name,aNZl,j技能表_Skill_A.csv,1325,Skill,Name,达芙黛尔,断颈一击,목을 자르는 일격
Skill_4825_Name,aOIm,j技能表_Skill_A.csv,1326,Skill,Name,达芙黛尔,异质潮汐,이질의 파도
Skill_4607_Name,aOdc,j技能表_Skill_A.csv,1327,Skill,Name,达芙黛尔,千面幻象,천면환상
Skill_4763_Name,aOzm,j技能表_Skill_A.csv,1328,Skill,Name,达芙黛尔,千面幻象,천면환상
Skill_4764_Name,aOzt,j技能表_Skill_A.csv,1329,Skill,Name,达芙黛尔,千面幻象,천면환상
Skill_4301_Name,aMPz,j技能表_Skill_A.csv,1330,Skill,Name,达芙黛尔,妙手,묘수
Skill_4299_Name,aMPl,j技能表_Skill_A.csv,1331,Skill,Name,达芙黛尔,筹算,계산
Skill_4300_Name,aMPs,j技能表_Skill_A.csv,1332,Skill,Name,达芙黛尔,易伤,취약
Skill_4304_Name,aMPU,j技能表_Skill_A.csv,1333,Skill,Name,达芙黛尔,虚弱,허약
Skill_4305_Name,aMQb,j技能表_Skill_A.csv,1334,Skill,Name,达芙黛尔,狂气,광기
Skill_4302_Name,aMPG,j技能表_Skill_A.csv,1335,Skill,Name,达芙黛尔,催化,촉매
Skill_4303_Name,aMPN,j技能表_Skill_A.csv,1336,Skill,Name,达芙黛尔,灵感,영감
Skill_4552_Name,aNLm,j技能表_Skill_A.csv,1337,Skill,Name,达芙黛尔,高维妙手,고차원 묘수
Skill_4551_Name,aNKr,j技能表_Skill_A.csv,1338,Skill,Name,达芙黛尔,高维筹算,고차원 계산
Skill_4550_Name,aNJw,j技能表_Skill_A.csv,1339,Skill,Name,达芙黛尔,高维易伤,고차원 취약
Skill_4549_Name,aNIB,j技能表_Skill_A.csv,1340,Skill,Name,达芙黛尔,高维虚弱,고차원 허약
Skill_4548_Name,aNHG,j技能表_Skill_A.csv,1341,Skill,Name,达芙黛尔,高维狂气,고차원 광기
Skill_4547_Name,aNGL,j技能表_Skill_A.csv,1342,Skill,Name,达芙黛尔,高维催化,고차원 촉매
Skill_4851_Name,aOKU,j技能表_Skill_A.csv,1343,Skill,Name,达芙黛尔,高维灵感,고차원 영감
Skill_4809_Name,aOFW,j技能表_Skill_A.csv,1344,Skill,Name,达芙黛尔,暴击,크리티컬
Skill_4271_Name,aMLA,j技能表_Skill_A.csv,1345,Skill,Name,达芙黛尔,穿刺,관통
Skill_4112_Name,aMpz,j技能表_Skill_A.csv,1346,Skill,Name,达芙黛尔,检索,탐색
Skill_4812_Name,aOGr,j技能表_Skill_A.csv,1347,Skill,Name,达芙黛尔,巨力,완력
Skill_4571_Name,aNYA,j技能表_Skill_A.csv,1348,Skill,Name,达芙黛尔,钥能,은열쇠
Skill_4814_Name,aOGF,j技能表_Skill_A.csv,1349,Skill,Name,达芙黛尔,定向催化,정향 촉매
Skill_4815_Name,aOGQ,j技能表_Skill_A.csv,1350,Skill,Name,达芙黛尔,暴击推演,치명적 추론
Skill_4854_Name,aOLp,j技能表_Skill_A.csv,1351,Skill,Name,达芙黛尔,精算检索,정밀 탐색
Skill_4857_Name,aOLL,j技能表_Skill_A.csv,1352,Skill,Name,达芙黛尔,高维巨力,고차원 완력
Skill_4185_Name,aMAe,j技能表_Skill_A.csv,1353,Skill,Name,达芙黛尔,诅咒,저주
Skill_4415_Name,aNex,j技能表_Skill_A.csv,1354,Skill,Name,达芙黛尔,祝福,축복
Skill_4850_Name,aOKN,j技能表_Skill_A.csv,1355,Skill,Name,达芙黛尔,穿刺暴击,관통 크리티컬
Skill_4775_Name,aOAP,j技能表_Skill_A.csv,1356,Skill,Name,达芙黛尔,高维定向催化,고차원 정향 촉매
Skill_4852_Name,aOLb,j技能表_Skill_A.csv,1357,Skill,Name,达芙黛尔,高维钥能,고차원 은열쇠
Skill_4408_Name,aNdH,j技能表_Skill_A.csv,1362,Skill,Name,汀克特,星彩极光,별빛의 오로라
Skill_4822_Name,aOHQ,j技能表_Skill_A.csv,1363,Skill,Name,汀克特,界外之音,경계 너머의 소리
Skill_4027_Name,aMej,j技能表_Skill_A.csv,1364,Skill,Name,汀克特,安魂曲,진혼곡
Skill_4241_Name,aMHB,j技能表_Skill_A.csv,1365,Skill,Name,汀克特,绵音渐响,울려 퍼지는 선율
Skill_4784_Name,aOCf,j技能表_Skill_A.csv,1369,Skill,Name,温柯尔,无形迁移,형태 없는 전이
Skill_4591_Name,aObn,j技能表_Skill_A.csv,1370,Skill,Name,温柯尔,自我封锁,자아 봉쇄
Skill_4093_Name,aMmL,j技能表_Skill_A.csv,1371,Skill,Name,温柯尔,能量射线,에너지 광선
Skill_4329_Name,aMTb,j技能表_Skill_A.csv,1372,Skill,Name,温柯尔,精神重建,정신 재건
Skill_4243_Name,aMHR,j技能表_Skill_A.csv,1374,Skill,Name,奥尔拉,狂想诗篇,광상의 시편
Skill_4156_Name,aMwb,j技能表_Skill_A.csv,1375,Skill,Name,奥尔拉,哀恸诗篇,애통의 시편
Skill_4856_Name,aOLE,j技能表_Skill_A.csv,1376,Skill,Name,奥尔拉,纷华篇章,화려한 시곡
Skill_4669_Name,aOmE,j技能表_Skill_A.csv,1377,Skill,Name,奥尔拉,诗册序言,시집 서문
Skill_4393_Name,aNbH,j技能表_Skill_A.csv,1378,Skill,Name,奥尔拉,幻梦诗篇,환몽의 시편
Skill_4758_Name,aOyA,j技能表_Skill_A.csv,1379,Skill,Name,奥尔拉,诡谲诗篇,기묘한 시편
Skill_4342_Name,aMUE,j技能表_Skill_A.csv,1383,Skill,Name,詹金,雾都街童,안개 도시의 악동
Skill_4349_Name,aMVD,j技能表_Skill_A.csv,1384,Skill,Name,詹金,空间折叠,공간 접기
Skill_4811_Name,aOGk,j技能表_Skill_A.csv,1385,Skill,Name,詹金,集结鼠群,쥐 떼 집합
Skill_4533_Name,aNCv,j技能表_Skill_A.csv,1386,Skill,Name,詹金,布朗出动！,브라운 출동!
Skill_4641_Name,aOio,j技能表_Skill_A.csv,1387,Skill,Name,詹金,鼠群冲击,쥐 떼 돌격
Skill_56155_Name,aPrV,j技能表_Skill_A.csv,1388,Skill,Name,詹金,超级大集结！,슈퍼 대집합!
Skill_4175_Name,aMyN,j技能表_Skill_A.csv,1394,Skill,Name,詹金,无,없음
Skill_4790_Name,aOCX,j技能表_Skill_A.csv,1395,Skill,Name,詹金,空间折叠,공간 접기
Skill_4095_Name,aMna,j技能表_Skill_A.csv,1396,Skill,Name,詹金,集结鼠群,쥐 떼 집합
Skill_4546_Name,aNFP,j技能表_Skill_A.csv,1397,Skill,Name,詹金,布朗出动！,브라운 출동!
Skill_4147_Name,aMuP,j技能表_Skill_A.csv,1398,Skill,Name,詹金,鼠群冲击,쥐 떼 돌격
Skill_4745_Name,aOwB,j技能表_Skill_A.csv,1402,Skill,Name,艾瑞卡,电磁爆破,전자기 폭발
Skill_4403_Name,aNcS,j技能表_Skill_A.csv,1403,Skill,Name,艾瑞卡,参数拟合,매개변수 조정
Skill_4663_Name,aOlK,j技能表_Skill_A.csv,1404,Skill,Name,艾瑞卡,机械武装-放,기계 무장-전개
Skill_4125_Name,aMrp,j技能表_Skill_A.csv,1405,Skill,Name,艾瑞卡,机能过载,기능 과부하
Skill_4065_Name,aMjj,j技能表_Skill_A.csv,1406,Skill,Name,艾瑞卡,机械武装-敛,기계 무장-회수
Skill_4751_Name,aOxD,j技能表_Skill_A.csv,1410,Skill,Name,卡茜亚,魔术嘉年华,마술 카니발
Skill_4658_Name,aOkW,j技能表_Skill_A.csv,1411,Skill,Name,卡茜亚,演出序幕,오프닝 공연
Skill_3977_Name,aLXH,j技能表_Skill_A.csv,1412,Skill,Name,卡茜亚,隔空取物,허공 집기
Skill_4177_Name,aMzd,j技能表_Skill_A.csv,1413,Skill,Name,卡茜亚,统统消失！,사라지는 마술!
Skill_78785_Name,aQUS,j技能表_Skill_A.csv,1417,Skill,Name,克莱门汀,生命重构治疗,생체 재구성
Skill_78784_Name,aQUL,j技能表_Skill_A.csv,1418,Skill,Name,克莱门汀,转化·恐惧固着,전환·두려움 고착
Skill_78788_Name,aQVn,j技能表_Skill_A.csv,1419,Skill,Name,克莱门汀,转化·精神创伤,전환·정신적 상처
Skill_78789_Name,aQVu,j技能表_Skill_A.csv,1420,Skill,Name,克莱门汀,妖虫的呼唤,괴충의 부름
Skill_78786_Name,aQUZ,j技能表_Skill_A.csv,1421,Skill,Name,克莱门汀,痛苦榨取,고통 착취
Skill_78782_Name,aQUx,j技能表_Skill_A.csv,1422,Skill,Name,克莱门汀,精神抚慰,심리적 위안
Skill_59477_Name,aPBi,j技能表_Skill_A.csv,1426,Skill,Name,哈姆林,原初的乐音,원초의 선율
Skill_59476_Name,aPAZ,j技能表_Skill_A.csv,1427,Skill,Name,哈姆林,此曲应得称颂,칭송받아 마땅한 곡
Skill_59478_Name,aPBp,j技能表_Skill_A.csv,1428,Skill,Name,哈姆林,灵魂序曲,영혼의 서곡
Skill_59479_Name,aPBw,j技能表_Skill_A.csv,1429,Skill,Name,哈姆林,追忆回旋曲,추억의 회전곡
Skill_60552_Name,aPPY,j技能表_Skill_A.csv,1430,Skill,Name,,协乐的交响,협주의 교향곡
Skill_59490_Name,aPBD,j技能表_Skill_A.csv,1431,Skill,Name,,上行音,상행음
Skill_59491_Name,aPBK,j技能表_Skill_A.csv,1432,Skill,Name,,下行音,하행음
Skill_119764_Name,bKde,j技能表_Skill_A.csv,1436,Skill,Name,诞妄·墨菲,虚妄王女,허망의 왕녀
Skill_119766_Name,bKdn,j技能表_Skill_A.csv,1437,Skill,Name,诞妄·墨菲,海祭典仪,바다의 성례
Skill_119765_Name,bKdj,j技能表_Skill_A.csv,1438,Skill,Name,诞妄·墨菲,螺湮圆舞,신국의 원무
Skill_119763_Name,bKda,j技能表_Skill_A.csv,1439,Skill,Name,诞妄·墨菲,深海圣咏,심해의 성가
Skill_61124_Name,aPTa,j技能表_Skill_A.csv,1443,Skill,Name,血链·希洛,缚身锁链,구속의 사슬
Skill_61123_Name,aPSS,j技能表_Skill_A.csv,1444,Skill,Name,血链·希洛,索魂者宣言,영혼 사냥 선언
Skill_61119_Name,aPSo,j技能表_Skill_A.csv,1445,Skill,Name,血链·希洛,恨意宣泄,원한 발산
Skill_61121_Name,aPSE,j技能表_Skill_A.csv,1446,Skill,Name,血链·希洛,鲜血链条,선혈의 사슬
Skill_61122_Name,aPSL,j技能表_Skill_A.csv,1447,Skill,Name,血链·希洛,嗜血链球,피에 굶주린 철구
Skill_61125_Name,aPTh,j技能表_Skill_A.csv,1448,Skill,Name,血链·希洛,不规则形态 · 血链,불규칙한 형태·혈쇄
Skill_66356_Name,aQbI,j技能表_Skill_A.csv,1452,Skill,Name,塔薇,万物归一,만물귀일
Skill_66350_Name,aQaN,j技能表_Skill_A.csv,1453,Skill,Name,塔薇,穿越银钥之门,은빛 열쇠의 문
Skill_66349_Name,aQaG,j技能表_Skill_A.csv,1454,Skill,Name,塔薇,通晓万物之理,만물을 꿰뚫는 이치
Skill_66357_Name,aQbQ,j技能表_Skill_A.csv,1455,Skill,Name,塔薇,纵贯时序之翼,시공을 가르는 날개
Skill_66351_Name,aQaU,j技能表_Skill_A.csv,1456,Skill,Name,塔薇,双翼初张,두 날개의 시작
Skill_66355_Name,aQbA,j技能表_Skill_A.csv,1457,Skill,Name,塔薇,四翼渐生,네 날개의 태동
Skill_66353_Name,aQbk,j技能表_Skill_A.csv,1458,Skill,Name,塔薇,六翼满开,여섯 날개의 만개
Skill_66458_Name,aQdh,j技能表_Skill_A.csv,1459,Skill,Name,,过往回声,과거의 메아리
Skill_83780_Name,bsHY,j技能表_Skill_A.csv,1470,Skill,Name,克珀珊特,照彻渊海的引航,심해를 비추는 인도
Skill_83779_Name,bsHR,j技能表_Skill_A.csv,1471,Skill,Name,克珀珊特,沉没于远海,먼 바다에서의 침몰
Skill_83784_Name,bsIK,j技能表_Skill_A.csv,1472,Skill,Name,克珀珊特,惩戒雷霆,징벌의 번개
Skill_83783_Name,bsID,j技能表_Skill_A.csv,1473,Skill,Name,克珀珊特,混沌旗语,혼돈의 깃발 신호
Skill_84357_Name,btTe,j技能表_Skill_A.csv,1474,Skill,Name,克珀珊特,领航,항로 인도
Skill_89778_Name,bxzO,j技能表_Skill_A.csv,1478,Skill,Name,卡斯托尔,不屈的孤嚎鸟,고독한 불굴의 새
Skill_89776_Name,bxzE,j技能表_Skill_A.csv,1479,Skill,Name,卡斯托尔,翱翔夙愿,비상하는 숙원
Skill_89782_Name,bxAh,j技能表_Skill_A.csv,1480,Skill,Name,卡斯托尔,穿行永夜,끝없는 밤을 지나
Skill_89781_Name,bxAc,j技能表_Skill_A.csv,1481,Skill,Name,卡斯托尔,蔽日之羽,태양을 가리는 깃털
Skill_89779_Name,bxzS,j技能表_Skill_A.csv,1482,Skill,Name,卡斯托尔,黑羽,검은 깃털
Skill_95820_Name,bzXl,j技能表_Skill_A.csv,1486,Skill,Name,杜勒赛因,生灵的盛筵,생령의 성찬
Skill_95811_Name,bzWw,j技能表_Skill_A.csv,1487,Skill,Name,杜勒赛因,王邸的请柬,궁전의 초대장
Skill_95817_Name,bzWY,j技能表_Skill_A.csv,1488,Skill,Name,杜勒赛因,亡骸祭礼,유골 제사
Skill_95814_Name,bzWM,j技能表_Skill_A.csv,1489,Skill,Name,杜勒赛因,冥府之路,저승의 길
Skill_96188_Name,bAjU,j技能表_Skill_A.csv,1490,Skill,Name,杜勒赛因,永夜欢宴,영원한 밤의 향연
Skill_97318_Name,bASb,j技能表_Skill_A.csv,1491,Skill,Name,杜勒赛因,永夜欢宴,영원한 밤의 향연
Skill_97319_Name,bASd,j技能表_Skill_A.csv,1492,Skill,Name,杜勒赛因,永夜欢宴,영원한 밤의 향연
Skill_97918_Name,bBeE,j技能表_Skill_A.csv,1496,Skill,Name,凯蒂古拉,焚却世界的爆炎,세계를 태우는 폭염
Skill_97915_Name,bBes,j技能表_Skill_A.csv,1497,Skill,Name,凯蒂古拉,业火重燃,다시 타오르는 업화
Skill_97913_Name,bBeh,j技能表_Skill_A.csv,1498,Skill,Name,凯蒂古拉,末路枪声,마지막 총성
Skill_97912_Name,bBeb,j技能表_Skill_A.csv,1499,Skill,Name,凯蒂古拉,千兆耀斑,테라 플레어
Skill_97916_Name,bBew,j技能表_Skill_A.csv,1500,Skill,Name,凯蒂古拉,亿兆耀斑,엑사 플레어
Skill_98984_Name,bCnd,j技能表_Skill_A.csv,1504,Skill,Name,皮克曼,真实，亦是幻想,"진실, 그것은 환상"
Skill_98989_Name,bCnC,j技能表_Skill_A.csv,1505,Skill,Name,皮克曼,墓园画室,묘지의 화실
Skill_98990_Name,bCnH,j技能表_Skill_A.csv,1506,Skill,Name,皮克曼,蚀骨色彩,침식하는 색채
Skill_98985_Name,bCnj,j技能表_Skill_A.csv,1507,Skill,Name,皮克曼,绘影摹形,그림자 모사
Skill_98987_Name,bCns,j技能表_Skill_A.csv,1508,Skill,Name,皮克曼,灵感迸发！,영감 폭발!
Skill_99016_Name,bCnQ,j技能表_Skill_A.csv,1509,Skill,Name,皮克曼,灵感迸发！,영감 폭발!
Skill_100229_Name,bCtt,j技能表_Skill_A.csv,1510,Skill,Name,,创构的「重锁」,그려진 「무거운 자물쇠」
Skill_100239_Name,bCtN,j技能表_Skill_A.csv,1511,Skill,Name,,创构的「金色梦乡」,그려진「황금빛 꿈의 나라」
Skill_100236_Name,bCtH,j技能表_Skill_A.csv,1512,Skill,Name,,创构的「恶童」,그려진「악동」
Skill_100226_Name,bCtn,j技能表_Skill_A.csv,1513,Skill,Name,,创构的「锈蚀钢锯」,그려진「녹슨 강톱」
Skill_100227_Name,bCtp,j技能表_Skill_A.csv,1514,Skill,Name,,创构的「染血鹅卵石」,그려진「피 묻은 자갈」
Skill_100225_Name,bCtl,j技能表_Skill_A.csv,1515,Skill,Name,,创构的「春之祭」,그려진「봄의 제전」
Skill_100228_Name,bCtr,j技能表_Skill_A.csv,1516,Skill,Name,,创构的「缠丝玛瑙」,그려진「실올 마노」
Skill_100234_Name,bCtD,j技能表_Skill_A.csv,1517,Skill,Name,,创构的「恩赐之血」,그려진「은혜의 피」
Skill_100230_Name,bCtv,j技能表_Skill_A.csv,1518,Skill,Name,,创构的「重锁」,그려진 「무거운 자물쇠」
Skill_100231_Name,bCtx,j技能表_Skill_A.csv,1519,Skill,Name,,创构的「金色梦乡」,그려진「황금빛 꿈의 나라」
Skill_100237_Name,bCtJ,j技能表_Skill_A.csv,1520,Skill,Name,,创构的「恶童」,그려진「악동」
Skill_100233_Name,bCtB,j技能表_Skill_A.csv,1521,Skill,Name,,创构的「锈蚀钢锯」,그려진「녹슨 강톱」
Skill_100238_Name,bCtL,j技能表_Skill_A.csv,1522,Skill,Name,,创构的「染血鹅卵石」,그려진「피 묻은 자갈」
Skill_100232_Name,bCtz,j技能表_Skill_A.csv,1523,Skill,Name,,创构的「春之祭」,그려진「봄의 제전」
Skill_100235_Name,bCtF,j技能表_Skill_A.csv,1524,Skill,Name,,创构的「缠丝玛瑙」,그려진「실올 마노」
Skill_100224_Name,bCtj,j技能表_Skill_A.csv,1525,Skill,Name,,创构的「恩赐之血」,그려진「은혜의 피」
Skill_117317_Name,bImd,j技能表_Skill_A.csv,1529,Skill,Name,波吕克斯,无罪的圣裁,무죄의 성재
Skill_117318_Name,bImj,j技能表_Skill_A.csv,1530,Skill,Name,波吕克斯,净世之路,정화의 길
Skill_117312_Name,bIlB,j技能表_Skill_A.csv,1531,Skill,Name,波吕克斯,明灯灼魂,영혼을 태우는 등불
Skill_117314_Name,bIlN,j技能表_Skill_A.csv,1532,Skill,Name,波吕克斯,离垢的审判,부정의 심판
Skill_117315_Name,bIlT,j技能表_Skill_A.csv,1533,Skill,Name,波吕克斯,圣心,성심
Skill_122486_Name,bLim,j技能表_Skill_A.csv,1550,Skill,Name,茉夏,闪耀☆龙卷风,샤이닝☆토네이도
Skill_122485_Name,bLih,j技能表_Skill_A.csv,1551,Skill,Name,茉夏,雾境遗脉,무경의 잔재
Skill_122483_Name,bLhW,j技能表_Skill_A.csv,1552,Skill,Name,茉夏,人间爆破,인간 폭파
Skill_122484_Name,bLic,j技能表_Skill_A.csv,1553,Skill,Name,茉夏,风暴冲击,샤이닝☆크러시
Skill_123159_Name,bLFx,j技能表_Skill_A.csv,1554,Skill,Name,茉夏,戏剧性邂逅,극적인 만남
Skill_125376_Name,bMZf,j技能表_Skill_A.csv,1558,Skill,Name,徐,夜雾下的情誓,밤안개 속의 서약
Skill_125373_Name,bMYV,j技能表_Skill_A.csv,1559,Skill,Name,徐,不梦乡之主,불몽향의 주인
Skill_125371_Name,bMYO,j技能表_Skill_A.csv,1560,Skill,Name,徐,入骨相思,뼈에 스민 그리움
Skill_125380_Name,bMZu,j技能表_Skill_A.csv,1561,Skill,Name,徐,寄吻于扇,부채에 머문 키스
Skill_126767_Name,bNOh,j技能表_Skill_A.csv,1562,Skill,Name,徐,相许,정혼
Skill_126768_Name,bNOk,j技能表_Skill_A.csv,1563,Skill,Name,徐,夺魄,탐혼
Skill_126880_Name,bOlN,j技能表_Skill_A.csv,1564,Skill,Name,徐,相许,정혼
Skill_126881_Name,bOlP,j技能表_Skill_A.csv,1565,Skill,Name,徐,夺魄,탐혼
Skill_130931_Name,bPLT,j技能表_Skill_A.csv,1569,Skill,Name,莫丝,深渊！漩涡！炮！,심연! 소용돌이! 포!
Skill_130929_Name,bPLM,j技能表_Skill_A.csv,1570,Skill,Name,莫丝,漩涡来了！,소용돌이 등장!
Skill_130942_Name,bPMI,j技能表_Skill_A.csv,1571,Skill,Name,莫丝,蓄力！,차지!
Skill_130932_Name,bPLZ,j技能表_Skill_A.csv,1572,Skill,Name,莫丝,装填！,장전!
Skill_130934_Name,bPMe,j技能表_Skill_A.csv,1573,Skill,Name,莫丝,涡！流！弹！,소용돌이! 발사!
Skill_126486_Name,bNAK,j技能表_Skill_A.csv,1594,Skill,Name,阿拉克涅,命途，依此谕示,"운명, 이로써 고하노라"
Skill_126490_Name,bNBi,j技能表_Skill_A.csv,1595,Skill,Name,阿拉克涅,木偶戏场揭幕,인형극 개막
Skill_133366_Name,bScb,j技能表_Skill_A.csv,1596,Skill,Name,阿拉克涅,永恒织造,영원한 직조
Skill_133365_Name,bSbW,j技能表_Skill_A.csv,1597,Skill,Name,阿拉克涅,缚命罗网,운명의 그물
Skill_133381_Name,bSfs,j技能表_Skill_A.csv,1598,Skill,Name,阿拉克涅,无尽线缕,끝없는 실타래
Skill_135916_Name,bSUn,j技能表_Skill_A.csv,1599,Skill,Name,阿拉克涅,无尽线缕,끝없는 실타래
Skill_126488_Name,bNAY,j技能表_Skill_A.csv,1600,Skill,Name,,牵丝引命,운명의 실
